"timestamp","generated_phrase","compatibility","control_compatibility","specificity_margin","specificity_status"
"0.500500","The player catches the ball and throws it back to another player","0.919254","0.883748","0.035506","specific"
"0.967633","A boy in a white shirt and black pants is playing with","0.892180","0.878187","0.013993","weak"
"1.434767","The player in the center of the court hits a forehand","0.925132","0.924822","0.000310","weak"
"1.901900","A boy in a red shirt and black pants is watching the","0.870530","0.866472","0.004058","weak"
"2.369033","A boy is playing with a ball on the floor","0.912606","0.909462","0.003145","weak"
"2.836167","The player catches a ball and runs after it.","0.902400","0.906245","-0.003846","non_specific"
"3.303300","A boy is playing basketball with a ball","0.924171","0.918014","0.006157","weak"
"3.770433","A player jumps and catches a ball","0.917148","0.912716","0.004432","weak"
"4.237567","A boy on the court throws a ball","0.935632","0.935699","-0.000067","non_specific"
